index,rna,dna,activity
9,C,C,0.619047619
8,C,C,0.642857143
8,G,A,0.625
19,G,G,0.448275862
18,G,G,0.476190476
15,G,G,0.272727273
14,G,G,0.428571429
17,G,G,0.235294118
16,G,G,0
20,C,C,0.058823529
20,G,T,0.9375
13,G,G,0.421052632
12,G,G,0.529411765
13,C,T,0.384615385
18,C,T,0.538461538
3,C,C,0.5
12,T,G,0.947368421
13,A,G,0.210526316
12,A,G,0.263157895
11,A,G,0.4
10,A,G,0.333333333
19,A,A,0.538461538
18,A,A,0.5
15,A,G,0.272727273
14,A,G,0.214285714
15,A,A,0.2
14,A,A,0.533333333
17,A,A,0.133333333
16,A,A,0
11,A,A,0.307692308
10,A,A,0.882352941
13,A,A,0.3
12,A,A,0.333333333
13,G,A,0.3
12,G,A,0.384615385
11,G,A,0.384615385
10,G,A,0.8125
17,G,A,0.25
16,G,A,0
15,G,A,0.142857143
14,G,A,0.266666667
10,G,T,0.933333333
19,G,A,0.666666667
18,G,A,0.666666667
15,C,T,0.222222222
4,A,C,0.625
9,A,G,0.571428571
8,A,G,0.428571429
3,C,A,0.6875
2,C,A,0.909090909
1,C,A,1
7,C,A,0.8125
6,C,A,0.928571429
5,C,A,0.636363636
4,C,A,0.8
9,C,A,0.875
8,C,A,0.875
20,A,G,0.227272727
3,A,G,0.428571429
2,A,G,0.785714286
20,G,A,0.7
20,C,T,0.5
12,C,T,0.714285714
17,G,T,0.933333333
17,C,A,0.466666667
16,C,A,0.307692308
15,C,A,0.066666667
14,C,A,0.733333333
13,C,A,0.7
12,C,A,0.538461538
11,C,A,0.307692308
10,C,A,0.941176471
11,G,G,0.428571429
20,A,C,0.764705882
19,C,A,0.461538462
10,G,G,0.4
17,T,G,0.705882353
16,T,G,0.666666667
15,T,G,0.272727273
14,T,G,0.285714286
13,T,G,0.789473684
20,T,C,0.176470588
11,T,G,0.666666667
10,T,G,0.533333333
7,G,A,0.571428571
6,G,A,0.666666667
5,G,A,0.3
4,G,A,0.363636364
3,G,A,0.5
2,G,A,0.636363636
1,G,A,1
7,G,T,1
4,G,T,0.9
6,G,G,0.681818182
20,T,T,0.5625
15,C,C,0.05
14,C,C,0
17,C,C,0.058823529
16,C,C,0.153846154
11,C,C,0.25
10,C,C,0.388888889
13,C,C,0.136363636
12,C,C,0.444444444
20,C,A,0.3
19,C,C,0.125
18,C,C,0.133333333
1,A,A,1
3,A,A,0.705882353
2,A,A,0.727272727
5,A,A,0.363636364
4,A,A,0.636363636
7,A,A,0.4375
6,A,A,0.714285714
9,A,A,0.6
8,A,A,0.428571429
20,T,G,0.090909091
12,T,T,0.8
13,T,T,0.692307692
10,T,T,0.857142857
11,T,T,0.75
16,T,T,0.909090909
17,T,T,0.533333333
14,T,T,0.619047619
15,T,T,0.578947368
1,C,C,0.913043478
18,T,T,0.666666667
2,C,C,0.695652174
5,C,C,0.6
4,C,C,0.5
7,C,C,0.470588235
6,C,C,0.5
2,A,C,0.8
8,T,T,0.8
9,T,T,0.928571429
11,A,C,0.65
19,A,C,0.375
18,A,C,0.4
17,A,C,0.176470588
16,A,C,0.192307692
15,A,C,0.65
3,T,T,0.714285714
4,T,T,0.476190476
18,C,A,0.642857143
6,T,T,0.866666667
10,A,C,0.555555556
10,C,T,0.866666667
5,T,T,0.5
8,C,T,0.65
9,C,T,0.857142857
6,C,T,0.928571429
7,C,T,0.75
4,C,T,0.842105263
5,C,T,0.571428571
2,C,T,0.727272727
9,A,C,0.666666667
1,C,T,1
8,A,C,0.733333333
1,T,T,1
14,C,T,0.35
2,T,T,0.846153846
19,T,G,0.275862069
14,G,T,0.75
15,G,T,0.941176471
16,G,T,1
14,A,C,0.466666667
20,G,G,0.428571429
11,G,T,1
12,G,T,0.933333333
13,G,T,0.923076923
7,A,G,0.4375
13,A,C,0.652173913
5,A,G,0.5
4,A,G,0.352941176
18,G,T,0.692307692
19,G,T,0.714285714
1,A,G,0.857142857
12,A,C,0.722222222
1,G,G,0.714285714
3,G,T,0.75
3,G,G,0.384615385
2,G,G,0.692307692
5,G,G,0.785714286
4,G,G,0.529411765
7,G,G,0.6875
5,G,T,0.866666667
9,G,G,0.538461538
8,G,G,0.615384615
8,G,T,1
9,G,T,0.642857143
18,T,G,0.428571429
7,T,T,0.875
6,A,G,0.454545455
6,G,T,1
20,A,A,0.6
5,A,C,0.72
17,A,G,0.176470588
8,T,C,0.733333333
16,A,G,0
2,G,T,0.846153846
19,A,G,0.206896552
3,T,G,0.428571429
2,T,G,0.857142857
1,T,G,0.857142857
18,A,G,0.19047619
7,T,G,0.6875
6,T,G,0.909090909
5,T,G,1
4,T,G,0.647058824
9,T,G,0.923076923
8,T,G,1
11,C,T,0.75
3,C,T,0.866666667
19,T,C,0.25
18,T,C,0.333333333
13,T,C,0.260869565
12,T,C,0.5
11,T,C,0.4
10,T,C,0.5
17,T,C,0.117647059
16,T,C,0.346153846
15,T,C,0.05
14,T,C,0
7,T,C,0.588235294
6,T,C,0.571428571
5,T,C,0.64
4,T,C,0.625
3,T,C,0.5
2,T,C,0.84
1,T,C,0.956521739
17,C,T,0.466666667
3,A,C,0.611111111
19,C,T,0.428571429
1,A,C,1
7,A,C,0.705882353
6,A,C,0.714285714
9,T,C,0.619047619
9,G,A,0.533333333
19,T,T,0.285714286
16,C,T,1
1,G,T,0.9
